{"cameraMode":{"drawMode":0,"name":"Shaded","section":"Shading Mode"},"sceneLighting":true,"audioPlay":false,"sceneViewState":{"m_AlwaysRefresh":false,"showFog":true,"showSkybox":true,"showFlares":true,"showImageEffects":true,"showParticleSystems":true,"showVisualEffectGraphs":true,"m_FxEnabled":true},"in2DMode":false,"pivot":{"x":-32.175384521484378,"y":11.052145004272461,"z":61.6387825012207},"rotation":{"x":0.22893470525741578,"y":0.01168079674243927,"z":-0.0027480546850711109,"w":0.9733776450157166},"size":8.99470329284668,"orthographic":false}